n_row,period,event,away_line,home_line,description,minute,second,away_team,home_team
1,1,PSTR,C C R D D G,C R L D D G,Period Start- Local time: 7:40 EST,20,00,WSH,CAR
2,1,FAC,C C R D D G,C R L D D G,CAR won Neu. Zone - WSH #21 LAICH vs CAR #53 SKINNER,20,00,WSH,CAR
3,1,BLOCK,C R L D D G,C R L D D G,"CAR #16 SUTTER BLOCKED BY  WSH #44 HAMRLIK, Wrist, Def. Zone",19,04,WSH,CAR
4,1,STOP,C R L D D G,C R L D D G,OFFSIDE,18,47,WSH,CAR
5,1,FAC,C R L D D G,C C R D D G,CAR won Neu. Zone - WSH #90 JOHANSSON vs CAR #12 STAAL,18,47,WSH,CAR
6,1,GIVE,C R L D D G,C C R D D G,"CAR GIVEAWAY - #44 HARRISON, Def. Zone",18,15,WSH,CAR
7,1,STOP,C C R D D G,C R D D D G,PUCK FROZEN,17,28,WSH,CAR
8,1,FAC,C C R D D G,C R D D D G,CAR won Off. Zone - WSH #15 HALPERN vs CAR #37 BRENT,17,28,WSH,CAR
9,1,BLOCK,C C R D D G,C R D D D G,"CAR #4 MCBAIN BLOCKED BY  WSH #15 HALPERN, Wrist, Def. Zone",17,25,WSH,CAR
10,1,STOP,C C R D D G,C R D D D G,PUCK IN NETTING,17,24,WSH,CAR
11,1,FAC,C C R D D G,C R D D D G,CAR won Off. Zone - WSH #15 HALPERN vs CAR #37 BRENT,17,24,WSH,CAR
12,1,SHOT,C C R D D G,C R D D D G,"CAR ONGOAL - #8 SPACEK, Wrist, Off. Zone, 32 ft.",17,17,WSH,CAR
13,1,BLOCK,C C R D D G,C R D D D G,"CAR #13 STEWART BLOCKED BY  WSH #74 CARLSON, Wrist, Def. Zone",17,15,WSH,CAR
14,1,HIT,C C R D D G,C R D D D G,"CAR #27 JOSLIN HIT WSH #44 HAMRLIK, Off. Zone",16,54,WSH,CAR
15,1,SHOT,C C R D D G,C R L D D G,"WSH ONGOAL - #22 KNUBLE, Wrist, Off. Zone, 13 ft.",16,43,WSH,CAR
16,1,SHOT,C C R D D G,C R L D D G,"CAR ONGOAL - #53 SKINNER, Tip-In, Off. Zone, 8 ft.",16,33,WSH,CAR
17,1,PENL,C C R D D G,C R L D D G,"WSH #44 HAMRLIK Elbowing(2 min), Def. Zone Drawn By: CAR #39 DWYER",16,31,WSH,CAR
18,1,FAC,C R D D G,C C C R D G,CAR won Off. Zone - WSH #21 LAICH vs CAR #37 BRENT,16,31,WSH,CAR
19,1,SHOT,C R D D G,C C C R D G,"CAR ONGOAL - #37 BRENT, Slap, Off. Zone, 61 ft.",16,20,WSH,CAR
20,1,GOAL,C R D D G,C C C R D G,"CAR #28 FAULK(6), Wrist, Off. Zone, 26 ft.Assists: #37 BRENT(10); #19 TLUSTY(12)",16,19,WSH,CAR
21,1,FAC,C R L D D G,C R L D D G,WSH won Neu. Zone - WSH #85 PERREAULT vs CAR #16 SUTTER,16,19,WSH,CAR
22,1,HIT,C R L D D G,C R L D D G,"CAR #14 NODL HIT WSH #8 OVECHKIN, Def. Zone",15,50,WSH,CAR
23,1,BLOCK,C R L D D G,C R L D D G,"WSH #27 ALZNER BLOCKED BY  CAR #5 ALLEN, Snap, Def. Zone",15,49,WSH,CAR
24,1,SHOT,C R L D D G,C C R D D G,"CAR ONGOAL - #12 STAAL, Wrap-around, Off. Zone, 6 ft.",15,16,WSH,CAR
25,1,SHOT,C R L D D G,C C R D D G,"CAR ONGOAL - #19 TLUSTY, Wrist, Off. Zone, 6 ft.",15,15,WSH,CAR
26,1,TAKE,C C R D D G,C C R D D G,"CAR TAKEAWAY - #19 TLUSTY, Off. Zone",14,55,WSH,CAR
27,1,GOAL,C C R D D G,C C R D D G,"CAR #13 STEWART(7), Wrist, Off. Zone, 16 ft.Assists: #12 STAAL(31); #19 TLUSTY(13)",14,51,WSH,CAR
28,1,FAC,C C R D D G,C R D D D G,WSH won Neu. Zone - WSH #15 HALPERN vs CAR #37 BRENT,14,51,WSH,CAR
29,1,HIT,C C R D D G,C R D D D G,"CAR #27 JOSLIN HIT WSH #6 WIDEMAN, Off. Zone",14,42,WSH,CAR
30,1,HIT,C C R D D G,C R D D D G,"CAR #37 BRENT HIT WSH #42 WARD, Def. Zone",14,32,WSH,CAR
31,1,BLOCK,C C R D D G,C R D D D G,"WSH #44 HAMRLIK BLOCKED BY  CAR #37 BRENT, Wrist, Def. Zone",14,24,WSH,CAR
32,1,HIT,C C R D D G,C R D D D G,"WSH #6 WIDEMAN HIT CAR #27 JOSLIN, Def. Zone",14,16,WSH,CAR
33,1,BLOCK,C C R D D G,C R L D D G,"WSH #22 KNUBLE BLOCKED BY  CAR #39 DWYER, Slap, Def. Zone",13,56,WSH,CAR
34,1,SHOT,C C R D D G,C R L D D G,"WSH ONGOAL - #22 KNUBLE, Slap, Off. Zone, 55 ft.",13,54,WSH,CAR
35,1,HIT,C C R D D G,C R L D D G,"WSH #22 KNUBLE HIT CAR #4 MCBAIN, Off. Zone",13,50,WSH,CAR
36,1,BLOCK,C C R D D G,C R L D D G,"WSH #74 CARLSON BLOCKED BY  CAR #8 SPACEK, Wrist, Def. Zone",13,40,WSH,CAR
37,1,HIT,C R L D D G,C R L D D G,"CAR #14 NODL HIT WSH #74 CARLSON, Off. Zone",13,18,WSH,CAR
38,1,SHOT,C R L D D G,C R L D D G,"CAR ONGOAL - #21 BOWMAN, Snap, Off. Zone, 41 ft.",13,04,WSH,CAR
39,1,STOP,C R L D D G,C R L D D G,"GOALIE STOPPED,TV TIMEOUT",13,03,WSH,CAR
40,1,FAC,C R L D D G,C R L D D G,WSH won Def. Zone - WSH #85 PERREAULT vs CAR #16 SUTTER,13,03,WSH,CAR
41,1,HIT,C R L D D G,C R L D D G,"CAR #21 BOWMAN HIT WSH #20 BROUWER, Off. Zone",12,57,WSH,CAR
42,1,GIVE,C R L D D G,C R L D D G,"CAR GIVEAWAY - #14 NODL, Neu. Zone",12,44,WSH,CAR
43,1,MISS,C R L D D G,C C R D D G,"WSH #8 OVECHKIN, Slap, Wide of Net, Off. Zone, 33 ft.",12,31,WSH,CAR
44,1,MISS,C R L D D G,C C R D D G,"WSH #52 GREEN, Slap, Wide of Net, Off. Zone, 37 ft.",12,25,WSH,CAR
45,1,BLOCK,C R L D D G,C C R D D G,"WSH #44 HAMRLIK BLOCKED BY  CAR #71 SAMSON, Slap, Def. Zone",12,24,WSH,CAR
46,1,STOP,C R L D D G,C C R D D G,ICING,12,08,WSH,CAR
47,1,FAC,C R L D D G,C C R D D G,CAR won Def. Zone - WSH #90 JOHANSSON vs CAR #12 STAAL,12,08,WSH,CAR
48,1,SHOT,C R L D D G,C C R D D G,"CAR ONGOAL - #71 SAMSON, Snap, Off. Zone, 53 ft.",11,50,WSH,CAR
49,1,STOP,C R L D D G,C C R D D G,GOALIE STOPPED,11,49,WSH,CAR
50,1,FAC,C C R D D G,C R D D D G,WSH won Def. Zone - WSH #83 BEAGLE vs CAR #37 BRENT,11,49,WSH,CAR
51,1,HIT,C C R D D G,C R D D D G,"CAR #13 STEWART HIT WSH #44 HAMRLIK, Off. Zone",11,25,WSH,CAR
52,1,TAKE,C C R D D G,C R D D D G,"CAR TAKEAWAY - #8 SPACEK, Def. Zone",11,12,WSH,CAR
53,1,SHOT,C C R D D G,C R L D D G,"CAR ONGOAL - #53 SKINNER, Slap, Off. Zone, 55 ft.",10,57,WSH,CAR
54,1,SHOT,C C R D D G,C R L D D G,"CAR ONGOAL - #44 HARRISON, Snap, Off. Zone, 22 ft.",10,37,WSH,CAR
55,1,STOP,C C R D D G,C R L D D G,GOALIE STOPPED,10,36,WSH,CAR
56,1,FAC,C R L D D G,C R L D D G,WSH won Def. Zone - WSH #85 PERREAULT vs CAR #16 SUTTER,10,36,WSH,CAR
57,1,TAKE,C R L D D G,C R L D D G,"CAR TAKEAWAY - #16 SUTTER, Off. Zone",10,31,WSH,CAR
58,1,SHOT,C R L D D G,C R L D D G,"CAR ONGOAL - #16 SUTTER, Snap, Off. Zone, 62 ft.",10,29,WSH,CAR
59,1,STOP,C R L D D G,C R L D D G,GOALIE STOPPED,10,28,WSH,CAR
60,1,FAC,C R L D D G,C R L D D G,CAR won Off. Zone - WSH #85 PERREAULT vs CAR #16 SUTTER,10,28,WSH,CAR
61,1,BLOCK,C R L D D G,C R L D D G,"WSH #52 GREEN BLOCKED BY  CAR #21 BOWMAN, Snap, Def. Zone",10,04,WSH,CAR
62,1,STOP,C R L D D G,C R L D D G,PUCK IN NETTING,10,02,WSH,CAR
63,1,FAC,C R L D D G,C C R D D G,WSH won Off. Zone - WSH #90 JOHANSSON vs CAR #12 STAAL,10,02,WSH,CAR
64,1,MISS,C R L D D G,C C R D D G,"WSH #25 CHIMERA, Wrap-around, Wide of Net, Off. Zone, 3 ft.",9,53,WSH,CAR
65,1,HIT,C R L D D G,C C R D D G,"CAR #44 HARRISON HIT WSH #90 JOHANSSON, Def. Zone",9,48,WSH,CAR
66,1,MISS,C R L D D G,C C R D D G,"CAR #19 TLUSTY, Tip-In, Wide of Net, Off. Zone, 13 ft.",9,36,WSH,CAR
67,1,STOP,C C R D D G,C R D D D G,ICING,9,19,WSH,CAR
68,1,FAC,C R L D D G,C C R D D G,WSH won Off. Zone - WSH #85 PERREAULT vs CAR #12 STAAL,9,19,WSH,CAR
69,1,GIVE,C R L D D G,C R L D D G,"CAR GIVEAWAY - #21 BOWMAN, Def. Zone",8,46,WSH,CAR
70,1,HIT,C R L D D G,C R L D D G,"CAR #6 GLEASON HIT WSH #8 OVECHKIN, Def. Zone",8,42,WSH,CAR
71,1,TAKE,C R L D D G,C R L D D G,"CAR TAKEAWAY - #16 SUTTER, Def. Zone",8,38,WSH,CAR
72,1,HIT,C R L D D G,C R L D D G,"CAR #21 BOWMAN HIT WSH #6 WIDEMAN, Off. Zone",8,30,WSH,CAR
73,1,HIT,C R L D D G,C R L D D G,"CAR #14 NODL HIT WSH #44 HAMRLIK, Off. Zone",8,26,WSH,CAR
74,1,MISS,C R L D D G,C R L D D G,"CAR #37 BRENT, Snap, Wide of Net, Off. Zone, 67 ft.",8,22,WSH,CAR
75,1,SHOT,C C R D D G,C R D D D G,"CAR ONGOAL - #5 ALLEN, Slap, Neu. Zone, 97 ft.",8,10,WSH,CAR
76,1,HIT,C C R D D G,C R D D D G,"CAR #37 BRENT HIT WSH #55 SCHULTZ, Off. Zone",7,48,WSH,CAR
77,1,STOP,C C R D D G,C R D D D G,"OFFSIDE,TV TIMEOUT",7,33,WSH,CAR
78,1,FAC,C C R D D G,C R L D D G,CAR won Neu. Zone - WSH #21 LAICH vs CAR #53 SKINNER,7,33,WSH,CAR
79,1,SHOT,C C R D D G,C R L D D G,"CAR ONGOAL - #53 SKINNER, Snap, Off. Zone, 42 ft.",7,22,WSH,CAR
80,1,TAKE,C C R D D G,C R L D D G,"CAR TAKEAWAY - #53 SKINNER, Def. Zone",7,01,WSH,CAR
81,1,MISS,C C R D D G,C R L D D G,"WSH #26 HENDRICKS, Snap, Wide of Net, Off. Zone, 41 ft.",6,52,WSH,CAR
82,1,STOP,C C R D D G,C R L D D G,PUCK FROZEN,6,51,WSH,CAR
83,1,FAC,C R L D D G,C C R D D G,CAR won Def. Zone - WSH #90 JOHANSSON vs CAR #12 STAAL,6,51,WSH,CAR
84,1,MISS,C R L D D G,C C R D D G,"CAR #12 STAAL, Wrist, Wide of Net, Off. Zone, 48 ft.",6,33,WSH,CAR
85,1,HIT,C R L D D G,C C R D D G,"CAR #6 GLEASON HIT WSH #25 CHIMERA, Def. Zone",6,27,WSH,CAR
86,1,SHOT,C R L D D G,C C R D D G,"WSH ONGOAL - #28 SEMIN, Snap, Off. Zone, 42 ft.",6,14,WSH,CAR
87,1,STOP,C R L D D G,C C R D D G,GOALIE STOPPED,6,13,WSH,CAR
88,1,FAC,C R L D D G,C C R D D G,CAR won Def. Zone - WSH #85 PERREAULT vs CAR #12 STAAL,6,13,WSH,CAR
89,1,HIT,C R L D D G,C R L D D G,"CAR #14 NODL HIT WSH #20 BROUWER, Def. Zone",5,52,WSH,CAR
90,1,GIVE,C C R D D G,C R D D D G,"CAR GIVEAWAY - #13 STEWART, Def. Zone",5,01,WSH,CAR
91,1,STOP,C C R D D G,C R L D D G,ICING,3,58,WSH,CAR
92,1,FAC,C R L D D G,C R L D D G,CAR won Def. Zone - WSH #90 JOHANSSON vs CAR #53 SKINNER,3,58,WSH,CAR
93,1,MISS,C R L D D G,C R L D D G,"CAR #36 JOKINEN, Slap, Wide of Net, Neu. Zone, 84 ft.",3,51,WSH,CAR
94,1,BLOCK,C R L D D G,C C R D D G,"CAR #71 SAMSON BLOCKED BY  WSH #6 WIDEMAN, Wrist, Def. Zone",3,31,WSH,CAR
95,1,SHOT,C R L D D G,C C R D D G,"WSH ONGOAL - #28 SEMIN, Snap, Off. Zone, 50 ft.",3,23,WSH,CAR
96,1,SHOT,C R L D D G,C C R D D G,"WSH ONGOAL - #90 JOHANSSON, Snap, Off. Zone, 17 ft.",3,20,WSH,CAR
97,1,STOP,C R L D D G,C C R D D G,"PUCK FROZEN,TV TIMEOUT",3,18,WSH,CAR
98,1,FAC,C R L D D G,C R L D D G,CAR won Def. Zone - WSH #85 PERREAULT vs CAR #16 SUTTER,3,18,WSH,CAR
99,1,TAKE,C R L D D G,C R L D D G,"CAR TAKEAWAY - #16 SUTTER, Neu. Zone",2,52,WSH,CAR
100,1,HIT,C R L D D G,C R L D D G,"WSH #20 BROUWER HIT CAR #5 ALLEN, Neu. Zone",2,45,WSH,CAR
101,1,STOP,C R L D D G,C R L D D G,OFFSIDE,2,43,WSH,CAR
102,1,FAC,C C R D D G,C R D D D G,CAR won Neu. Zone - WSH #15 HALPERN vs CAR #37 BRENT,2,43,WSH,CAR
103,1,HIT,C C R D D G,C R D D D G,"WSH #83 BEAGLE HIT CAR #44 HARRISON, Neu. Zone",2,34,WSH,CAR
104,1,BLOCK,C C R D D G,C R D D D G,"CAR #13 STEWART BLOCKED BY  WSH #15 HALPERN, Wrist, Def. Zone",2,29,WSH,CAR
105,1,SHOT,C C R D D G,C R D D D G,"CAR ONGOAL - #13 STEWART, Wrist, Off. Zone, 33 ft.",2,27,WSH,CAR
106,1,HIT,C C R D D G,C R D D D G,"WSH #15 HALPERN HIT CAR #28 FAULK, Off. Zone",2,15,WSH,CAR
107,1,BLOCK,C R L D D G,C R L D D G,"CAR #53 SKINNER BLOCKED BY  WSH #27 ALZNER, Wrist, Def. Zone",1,39,WSH,CAR
108,1,STOP,C R L D D G,C R L D D G,PUCK IN NETTING,1,38,WSH,CAR
109,1,FAC,C C R D D G,C C R D D G,CAR won Off. Zone - WSH #21 LAICH vs CAR #12 STAAL,1,38,WSH,CAR
110,1,STOP,C C R D D G,C C R D D G,PUCK IN CROWD,1,26,WSH,CAR
111,1,FAC,C C R D D G,C C R D D G,WSH won Def. Zone - WSH #21 LAICH vs CAR #12 STAAL,1,26,WSH,CAR
112,1,STOP,C C R D D G,C C R D D G,OFFSIDE,1,08,WSH,CAR
113,1,FAC,C R L D D G,C R L D D G,CAR won Neu. Zone - WSH #85 PERREAULT vs CAR #16 SUTTER,1,08,WSH,CAR
114,1,HIT,C R L D D G,C R L D D G,"WSH #8 OVECHKIN HIT CAR #5 ALLEN, Off. Zone",1,04,WSH,CAR
115,1,STOP,C R L D D G,C R L D D G,ICING,0,56,WSH,CAR
116,1,FAC,C R L D D G,C R L D D G,CAR won Def. Zone - WSH #85 PERREAULT vs CAR #16 SUTTER,0,56,WSH,CAR
117,1,HIT,C R L D D G,C R L D D G,"WSH #20 BROUWER HIT CAR #5 ALLEN, Off. Zone",0,52,WSH,CAR
118,1,GOAL,C R L D D G,C R L D D G,"CAR #14 NODL(3), Snap, Off. Zone, 28 ft.Assist: #16 SUTTER(11)",0,30,WSH,CAR
119,1,FAC,C R L D D G,C R L D D G,WSH won Neu. Zone - WSH #90 JOHANSSON vs CAR #53 SKINNER,0,30,WSH,CAR
120,1,BLOCK,C R L D D G,C R L D D G,"WSH #28 SEMIN BLOCKED BY  CAR #44 HARRISON, Slap, Def. Zone",0,13,WSH,CAR
121,1,STOP,C R L D D G,C R L D D G,PUCK IN NETTING,0,12,WSH,CAR
122,1,FAC,C R L D D G,C C R D D G,WSH won Off. Zone - WSH #90 JOHANSSON vs CAR #12 STAAL,0,12,WSH,CAR
123,1,BLOCK,C R L D D G,C C R D D G,"CAR #71 SAMSON BLOCKED BY  WSH #74 CARLSON, Wrist, Def. Zone",0,05,WSH,CAR
124,1,STOP,C R L D D G,C C R D D G,PUCK IN CROWD,0,03,WSH,CAR
125,1,FAC,C R L D D G,C C R D D G,CAR won Off. Zone - WSH #90 JOHANSSON vs CAR #37 BRENT,0,03,WSH,CAR
126,1,PEND,C R L D D G,C C R D D G,Period End- Local time: 8:20 EST,0,00,WSH,CAR
127,2,PSTR,,,Period Start- Local time: 8:37 EST,20,00,WSH,CAR
128,2,FAC,C C R D D G,C R L D D G,CAR won Neu. Zone - WSH #21 LAICH vs CAR #53 SKINNER,20,00,WSH,CAR
129,2,MISS,C C R D D G,C R L D D G,"WSH #26 HENDRICKS, Slap, Wide of Net, Off. Zone, 66 ft.",19,36,WSH,CAR
130,2,STOP,C C R D D G,C R L D D G,PUCK IN NETTING,19,35,WSH,CAR
131,2,FAC,C R L D D G,C C R D D G,CAR won Def. Zone - WSH #90 JOHANSSON vs CAR #12 STAAL,19,35,WSH,CAR
132,2,SHOT,C R L D D G,C C R D D G,"CAR ONGOAL - #4 MCBAIN, Slap, Off. Zone, 49 ft.",19,12,WSH,CAR
133,2,STOP,C R L D D G,C C R D D G,GOALIE STOPPED,19,11,WSH,CAR
134,2,FAC,C R L D D G,C R L D D G,WSH won Def. Zone - WSH #20 BROUWER vs CAR #16 SUTTER,19,11,WSH,CAR
135,2,HIT,C R L D D G,C R L D D G,"CAR #6 GLEASON HIT WSH #20 BROUWER, Def. Zone",18,39,WSH,CAR
136,2,STOP,C C R D D G,C R D D D G,OFFSIDE,18,17,WSH,CAR
137,2,FAC,C C R D D G,C R D D D G,WSH won Neu. Zone - WSH #15 HALPERN vs CAR #37 BRENT,18,17,WSH,CAR
138,2,STOP,C C C D D G,C R D D D G,ICING,17,14,WSH,CAR
139,2,FAC,C C R D D G,C R D D D G,CAR won Def. Zone - WSH #21 LAICH vs CAR #37 BRENT,17,14,WSH,CAR
140,2,SHOT,C C R D D G,C R L D D G,"WSH ONGOAL - #21 LAICH, Backhand, Off. Zone, 18 ft.",16,59,WSH,CAR
141,2,MISS,C C R D D G,C R L D D G,"WSH #21 LAICH, Wrist, Wide of Net, Off. Zone, 9 ft.",16,58,WSH,CAR
142,2,STOP,C C R D D G,C R L D D G,NET OFF,16,57,WSH,CAR
143,2,FAC,C R L D D G,C C R D D G,CAR won Def. Zone - WSH #90 JOHANSSON vs CAR #12 STAAL,16,57,WSH,CAR
144,2,TAKE,C R L D D G,C C R D D G,"CAR TAKEAWAY - #19 TLUSTY, Off. Zone",16,46,WSH,CAR
145,2,STOP,C R L D D G,C R L D D G,OFFSIDE,15,53,WSH,CAR
146,2,FAC,C R L D D G,C R L D D G,CAR won Neu. Zone - WSH #85 PERREAULT vs CAR #16 SUTTER,15,53,WSH,CAR
147,2,GIVE,C R L D D G,C R L D D G,"WSH GIVEAWAY - #52 GREEN, Def. Zone",15,43,WSH,CAR
148,2,SHOT,C R L D D G,C R L D D G,"CAR ONGOAL - #5 ALLEN, Wrist, Off. Zone, 65 ft.",15,36,WSH,CAR
149,2,STOP,C R L D D G,C R L D D G,GOALIE STOPPED,15,35,WSH,CAR
150,2,FAC,C R L D D G,C R L D D G,WSH won Def. Zone - WSH #20 BROUWER vs CAR #16 SUTTER,15,35,WSH,CAR
151,2,HIT,C R L D D G,C R L D D G,"WSH #85 PERREAULT HIT CAR #5 ALLEN, Off. Zone",15,18,WSH,CAR
152,2,MISS,C R L D D G,C R L D D G,"WSH #85 PERREAULT, Tip-In, Wide of Net, Off. Zone, 20 ft.",15,14,WSH,CAR
153,2,STOP,C R L D D G,C R L D D G,OFFSIDE,15,03,WSH,CAR
154,2,FAC,C C R D D G,C R D D D G,CAR won Neu. Zone - WSH #83 BEAGLE vs CAR #37 BRENT,15,03,WSH,CAR
155,2,PENL,C C R D D G,C R D D D G,"CAR #27 JOSLIN Elbowing(2 min), Off. Zone Drawn By: WSH #15 HALPERN",14,47,WSH,CAR
156,2,FAC,C C L D D G,C C D D G,CAR won Def. Zone - WSH #21 LAICH vs CAR #12 STAAL,14,47,WSH,CAR
157,2,BLOCK,C C L D D G,C C D D G,"WSH #6 WIDEMAN BLOCKED BY  CAR #12 STAAL, Snap, Def. Zone",14,36,WSH,CAR
158,2,MISS,C C L D D G,C C D D G,"WSH #52 GREEN, Snap, Wide of Net, Off. Zone, 31 ft.",14,17,WSH,CAR
159,2,GIVE,C C L D D G,C C D D G,"WSH GIVEAWAY - #90 JOHANSSON, Off. Zone",14,14,WSH,CAR
160,2,GOAL,C C L D D G,C C D D G,"CAR #12 STAAL(17), Backhand, Off. Zone, 8 ft.",14,04,WSH,CAR
161,2,FAC,C R R L D G,C L D D G,WSH won Neu. Zone - WSH #85 PERREAULT vs CAR #36 JOKINEN,14,04,WSH,CAR
162,2,MISS,C R R L D G,C L D D G,"WSH #28 SEMIN, Wrist, Wide of Net, Off. Zone, 23 ft.",13,55,WSH,CAR
163,2,BLOCK,C R R L D G,C L D D G,"WSH #8 OVECHKIN BLOCKED BY  CAR #36 JOKINEN, Slap, Def. Zone",13,42,WSH,CAR
164,2,BLOCK,C R R L D G,C R D D G,"WSH #85 PERREAULT BLOCKED BY  CAR #39 DWYER, Snap, Def. Zone",13,28,WSH,CAR
165,2,STOP,C R R L D G,C R D D G,ICING,13,13,WSH,CAR
166,2,FAC,C R R L D G,C R D D G,WSH won Def. Zone - WSH #20 BROUWER vs CAR #53 SKINNER,13,13,WSH,CAR
167,2,MISS,C R R L D G,C R D D G,"WSH #74 CARLSON, Slap, Wide of Net, Off. Zone, 37 ft.",12,54,WSH,CAR
168,2,STOP,C R R L D G,C R D D G,PUCK IN NETTING,12,53,WSH,CAR
169,2,FAC,C R L D D G,C C D D G,WSH won Neu. Zone - WSH #26 HENDRICKS vs CAR #12 STAAL,12,53,WSH,CAR
170,2,SHOT,C R L D D G,C C D D D G,"WSH ONGOAL - #55 SCHULTZ, Backhand, Off. Zone, 36 ft.",12,36,WSH,CAR
171,2,PENL,C R L D D G,C C D D D G,"WSH #26 HENDRICKS Roughing(2 min), Off. Zone Drawn By: CAR #27 JOSLIN",12,35,WSH,CAR
172,2,PENL,R L D D G,C C D D D G,"CAR #27 JOSLIN Roughing(2 min), Def. Zone Drawn By: WSH #26 HENDRICKS",12,35,WSH,CAR
173,2,STOP,R L D D G,C C D D G,"REFEREE OR LINESMAN,TV TIMEOUT",12,35,WSH,CAR
174,2,FAC,C R D D G,C C D D G,WSH won Off. Zone - WSH #90 JOHANSSON vs CAR #12 STAAL,12,35,WSH,CAR
175,2,SHOT,C R D D G,C C D D G,"WSH ONGOAL - #74 CARLSON, Wrist, Off. Zone, 47 ft.",12,34,WSH,CAR
176,2,STOP,C R D D G,C C D D G,GOALIE STOPPED,12,33,WSH,CAR
177,2,FAC,C R D D G,C C D D G,CAR won Def. Zone - WSH #90 JOHANSSON vs CAR #12 STAAL,12,33,WSH,CAR
178,2,TAKE,C R D D G,C C D D G,"CAR TAKEAWAY - #19 TLUSTY, Off. Zone",12,23,WSH,CAR
179,2,SHOT,C R D D G,C C D D G,"CAR ONGOAL - #19 TLUSTY, Wrist, Off. Zone, 14 ft.",12,19,WSH,CAR
180,2,MISS,C R D D G,C C D D G,"CAR #19 TLUSTY, Wrist, Wide of Net, Off. Zone, 18 ft.",12,18,WSH,CAR
181,2,STOP,C R D D G,C C D D G,GOALIE STOPPED,12,17,WSH,CAR
182,2,FAC,C L D D G,C R D D G,WSH won Def. Zone - WSH #21 LAICH vs CAR #16 SUTTER,12,17,WSH,CAR
183,2,HIT,C L D D G,C R D D G,"CAR #5 ALLEN HIT WSH #8 OVECHKIN, Def. Zone",11,58,WSH,CAR
184,2,GIVE,C L D D G,C R D D G,"CAR GIVEAWAY - #39 DWYER, Off. Zone",11,47,WSH,CAR
185,2,TAKE,C L D D G,C L D D G,"CAR TAKEAWAY - #53 SKINNER, Off. Zone",11,37,WSH,CAR
186,2,MISS,C R D D G,C C D D G,"WSH #20 BROUWER, Wrist, Wide of Net, Off. Zone, 19 ft.",10,57,WSH,CAR
187,2,STOP,C R D D G,C C D D G,PUCK FROZEN,10,54,WSH,CAR
188,2,FAC,C R D D G,C C D D G,CAR won Def. Zone - WSH #21 LAICH vs CAR #16 SUTTER,10,54,WSH,CAR
189,2,PENL,C C R D D G,C C D D D G,"WSH #26 HENDRICKS Fighting (maj)(5 min), Neu. Zone Drawn By: CAR #27 JOSLIN",10,29,WSH,CAR
190,2,PENL,C R D D G,C C D D D G,"CAR #27 JOSLIN Fighting (maj)(5 min), Neu. Zone Drawn By: WSH #26 HENDRICKS",10,29,WSH,CAR
191,2,FAC,C C R D D G,C R L D D G,CAR won Off. Zone - WSH #83 BEAGLE vs CAR #37 BRENT,10,29,WSH,CAR
192,2,BLOCK,C C R D D G,C R L D D G,"CAR #4 MCBAIN BLOCKED BY  WSH #15 HALPERN, Wrist, Def. Zone",10,27,WSH,CAR
193,2,HIT,C C R D D G,C R L D D G,"WSH #15 HALPERN HIT CAR #21 BOWMAN, Def. Zone",10,14,WSH,CAR
194,2,HIT,C C R D D G,C R L D D G,"CAR #21 BOWMAN HIT WSH #44 HAMRLIK, Off. Zone",9,55,WSH,CAR
195,2,STOP,C C R D D G,C R L D D G,ICING,9,51,WSH,CAR
196,2,FAC,C C R D D G,C R L D D G,WSH won Def. Zone - WSH #15 HALPERN vs CAR #53 SKINNER,9,51,WSH,CAR
197,2,HIT,C C R D D G,C R L D D G,"CAR #36 JOKINEN HIT WSH #42 WARD, Off. Zone",9,34,WSH,CAR
198,2,BLOCK,C C R D D G,C R L D D G,"CAR #36 JOKINEN BLOCKED BY  WSH #44 HAMRLIK, Wrist, Def. Zone",9,16,WSH,CAR
199,2,SHOT,C R L D D G,C R L D D G,"CAR ONGOAL - #28 FAULK, Wrist, Off. Zone, 26 ft.",9,06,WSH,CAR
200,2,BLOCK,C R L D D G,C R L D D G,"CAR #44 HARRISON BLOCKED BY  WSH #42 WARD, Slap, Def. Zone",9,02,WSH,CAR
201,2,SHOT,C R L D D G,C R L D D G,"CAR ONGOAL - #16 SUTTER, Wrist, Off. Zone, 28 ft.",8,46,WSH,CAR
202,2,STOP,C R L D D G,C R L D D G,"PUCK FROZEN,TV TIMEOUT",8,40,WSH,CAR
203,2,FAC,C R L D D G,C R L D D G,CAR won Def. Zone - WSH #21 LAICH vs CAR #36 JOKINEN,8,40,WSH,CAR
204,2,TAKE,C R L D D G,C R L D D G,"CAR TAKEAWAY - #39 DWYER, Neu. Zone",8,18,WSH,CAR
205,2,GIVE,C R L D D G,C R L D D G,"CAR GIVEAWAY - #6 GLEASON, Def. Zone",7,33,WSH,CAR
206,2,SHOT,C R L D D G,C R L D D G,"WSH ONGOAL - #8 OVECHKIN, Wrist, Off. Zone, 34 ft.",7,31,WSH,CAR
207,2,STOP,C R L D D G,C C R D D G,ICING,7,12,WSH,CAR
208,2,FAC,C R L D D G,C C R D D G,CAR won Off. Zone - WSH #85 PERREAULT vs CAR #12 STAAL,7,12,WSH,CAR
209,2,HIT,C R L D D G,C C R D D G,"WSH #74 CARLSON HIT CAR #71 SAMSON, Def. Zone",7,01,WSH,CAR
210,2,HIT,C R L D D G,C C R D D G,"CAR #19 TLUSTY HIT WSH #20 BROUWER, Off. Zone",6,48,WSH,CAR
211,2,HIT,C C L L D G,C C R D D G,"CAR #19 TLUSTY HIT WSH #8 OVECHKIN, Neu. Zone",6,37,WSH,CAR
212,2,STOP,C C L L D G,C C R D D G,ICING,6,36,WSH,CAR
213,2,FAC,C C L L D G,C R L D D G,CAR won Off. Zone - WSH #25 CHIMERA vs CAR #36 JOKINEN,6,36,WSH,CAR
214,2,BLOCK,C C L L D G,C R L D D G,"CAR #4 MCBAIN BLOCKED BY  WSH #85 PERREAULT, Slap, Def. Zone",6,28,WSH,CAR
215,2,SHOT,C C L L D G,C R L D D G,"CAR ONGOAL - #4 MCBAIN, Slap, Off. Zone, 54 ft.",6,18,WSH,CAR
216,2,HIT,C C L L D G,C C R L D D,"WSH #8 OVECHKIN HIT CAR #8 SPACEK, Def. Zone",6,15,WSH,CAR
217,2,SHOT,C C L L D G,C C R L D D,"CAR ONGOAL - #39 DWYER, Tip-In, Off. Zone, 12 ft.",6,03,WSH,CAR
218,2,STOP,C C L L D G,C C R L D D,GOALIE STOPPED,6,02,WSH,CAR
219,2,PENL,C C L L D G,C C R L D D,"WSH #27 ALZNER Holding(2 min), Def. Zone Drawn By: CAR #36 JOKINEN",6,02,WSH,CAR
220,2,FAC,C C D D G,C C C R D G,WSH won Def. Zone - WSH #21 LAICH vs CAR #37 BRENT,6,02,WSH,CAR
221,2,SHOT,C C D D G,C C C R D G,"CAR ONGOAL - #12 STAAL, Wrist, Off. Zone, 14 ft.",5,28,WSH,CAR
222,2,GIVE,C L D D G,C R L D D G,"CAR GIVEAWAY - #53 SKINNER, Off. Zone",4,46,WSH,CAR
223,2,SHOT,C L D D G,C R L D D G,"WSH ONGOAL - #25 CHIMERA, Wrist, Off. Zone, 38 ft.",4,41,WSH,CAR
224,2,STOP,C L D D G,C R L D D G,GOALIE STOPPED,4,38,WSH,CAR
225,2,FAC,C L D D G,C C R D D G,CAR won Def. Zone - WSH #15 HALPERN vs CAR #12 STAAL,4,38,WSH,CAR
226,2,HIT,C R D D G,C C R D D G,"WSH #55 SCHULTZ HIT CAR #71 SAMSON, Def. Zone",4,09,WSH,CAR
227,2,SHOT,C R D D D G,C C R D D G,"CAR ONGOAL - #19 TLUSTY, Wrist, Off. Zone, 10 ft.",3,56,WSH,CAR
228,2,STOP,C R D D D G,C C R D D G,"GOALIE STOPPED,TV TIMEOUT",3,55,WSH,CAR
229,2,FAC,C R R D D G,C R L D D G,CAR won Off. Zone - WSH #90 JOHANSSON vs CAR #16 SUTTER,3,55,WSH,CAR
230,2,SHOT,C R R D D G,C R L D D G,"WSH ONGOAL - #74 CARLSON, Slap, Off. Zone, 43 ft.",3,35,WSH,CAR
231,2,HIT,C R R D D G,C R L D D G,"CAR #28 FAULK HIT WSH #20 BROUWER, Def. Zone",3,19,WSH,CAR
232,2,PENL,C R R D D G,C R L D D G,"CAR #28 FAULK Fighting (maj)(5 min), Def. Zone Drawn By: WSH #20 BROUWER",3,11,WSH,CAR
233,2,PENL,C R R D D G,C R L D G,"WSH #20 BROUWER Fighting (maj)(5 min), Off. Zone Drawn By: CAR #28 FAULK",3,11,WSH,CAR
234,2,FAC,C R L D D G,C C R D D G,WSH won Off. Zone - WSH #85 PERREAULT vs CAR #12 STAAL,3,11,WSH,CAR
235,2,SHOT,C R L D D G,C C R D D G,"CAR ONGOAL - #71 SAMSON, Backhand, Off. Zone, 13 ft.",2,49,WSH,CAR
236,2,STOP,C R L D D G,C C R D D G,GOALIE STOPPED,2,48,WSH,CAR
237,2,FAC,C C R D D G,C R D D D G,WSH won Def. Zone - WSH #15 HALPERN vs CAR #37 BRENT,2,48,WSH,CAR
238,2,TAKE,C C R D D G,C R L D D G,"CAR TAKEAWAY - #36 JOKINEN, Off. Zone",1,44,WSH,CAR
239,2,TAKE,C C R D D G,C R L D D G,"WSH TAKEAWAY - #26 HENDRICKS, Def. Zone",1,29,WSH,CAR
240,2,BLOCK,C C R D D G,C R L D D G,"WSH #28 SEMIN BLOCKED BY  CAR #5 ALLEN, Slap, Def. Zone",1,17,WSH,CAR
241,2,BLOCK,C C R D D G,C C R D D G,"CAR #39 DWYER BLOCKED BY  WSH #27 ALZNER, Wrist, Def. Zone",1,09,WSH,CAR
242,2,STOP,C C R D D G,C C R D D G,PUCK IN NETTING,0,59,WSH,CAR
243,2,FAC,C R L D D G,C C R D D G,CAR won Off. Zone - WSH #90 JOHANSSON vs CAR #12 STAAL,0,59,WSH,CAR
244,2,TAKE,C R L D D G,C C R D D G,"CAR TAKEAWAY - #12 STAAL, Neu. Zone",0,36,WSH,CAR
245,2,PENL,C R L D D G,C C R L D D,"WSH #22 KNUBLE Holding(2 min), Def. Zone Drawn By: CAR #71 SAMSON",0,22,WSH,CAR
246,2,FAC,C C D D G,C R L D D G,WSH won Def. Zone - WSH #15 HALPERN vs CAR #36 JOKINEN,0,22,WSH,CAR
247,2,SHOT,C C D D G,C R L D D G,"CAR ONGOAL - #53 SKINNER, Slap, Neu. Zone, 78 ft.",0,01,WSH,CAR
248,2,PEND,C C D D G,C R L D D G,Period End- Local time: 9:20 EST,0,00,WSH,CAR
249,3,PSTR,C C D D G,C C C R D G,Period Start- Local time: 9:38 EST,20,00,WSH,CAR
250,3,FAC,C C D D G,C C C R D G,WSH won Neu. Zone - WSH #21 LAICH vs CAR #12 STAAL,20,00,WSH,CAR
251,3,BLOCK,C C D D G,C C C R D G,"CAR #37 BRENT BLOCKED BY  WSH #21 LAICH, Slap, Def. Zone",19,27,WSH,CAR
252,3,SHOT,C R L D D G,C R L D D G,"WSH ONGOAL - #25 CHIMERA, Wrist, Off. Zone, 8 ft.",18,01,WSH,CAR
253,3,HIT,C R L D D G,C R L D D G,"CAR #5 ALLEN HIT WSH #25 CHIMERA, Def. Zone",17,51,WSH,CAR
254,3,TAKE,C R L D D G,C R L D D G,"CAR TAKEAWAY - #12 STAAL, Neu. Zone",17,34,WSH,CAR
255,3,SHOT,C R L D D G,C R D D D G,"CAR ONGOAL - #37 BRENT, Deflected, Off. Zone, 20 ft.",16,59,WSH,CAR
256,3,STOP,C R L D D G,C R D D D G,GOALIE STOPPED,16,58,WSH,CAR
257,3,FAC,C C R D D G,C R D D D G,CAR won Off. Zone - WSH #21 LAICH vs CAR #37 BRENT,16,58,WSH,CAR
258,3,GIVE,C C R D D G,C R L D D G,"WSH GIVEAWAY - #83 BEAGLE, Off. Zone",15,53,WSH,CAR
259,3,HIT,C R L D D G,C R L D D G,"CAR #44 HARRISON HIT WSH #15 HALPERN, Def. Zone",15,24,WSH,CAR
260,3,BLOCK,C R L D D G,C R L D D G,"WSH #25 CHIMERA BLOCKED BY  CAR #44 HARRISON, Wrist, Def. Zone",14,55,WSH,CAR
261,3,TAKE,C R L D D G,C R L D D G,"CAR TAKEAWAY - #16 SUTTER, Def. Zone",14,53,WSH,CAR
262,3,HIT,C R L D D G,C R L D D G,"WSH #25 CHIMERA HIT CAR #16 SUTTER, Def. Zone",14,42,WSH,CAR
263,3,SHOT,C R L D D G,C C R D D G,"CAR ONGOAL - #12 STAAL, Backhand, Off. Zone, 11 ft.",14,29,WSH,CAR
264,3,SHOT,C R L D D G,C C R D D G,"CAR ONGOAL - #19 TLUSTY, Snap, Off. Zone, 34 ft.",14,24,WSH,CAR
265,3,TAKE,C R L D D G,C C R D D G,"CAR TAKEAWAY - #4 MCBAIN, Off. Zone",14,15,WSH,CAR
266,3,GIVE,C R L D D G,C C R D D G,"WSH GIVEAWAY - #44 HAMRLIK, Def. Zone",14,11,WSH,CAR
267,3,GOAL,C R L D D G,C C R D D G,"CAR #12 STAAL(18), Snap, Off. Zone, 16 ft.Assist: #8 SPACEK(8)",14,09,WSH,CAR
268,3,FAC,C R L D D G,C R L D D G,WSH won Neu. Zone - WSH #85 PERREAULT vs CAR #16 SUTTER,14,09,WSH,CAR
269,3,STOP,C R L D D G,C R L D D G,ICING,13,29,WSH,CAR
270,3,FAC,C C C D D G,C R L D D G,CAR won Def. Zone - WSH #90 JOHANSSON vs CAR #53 SKINNER,13,29,WSH,CAR
271,3,PENL,C R R L D D,C R L D D G,"CAR #37 BRENT Hooking(2 min), Def. Zone Drawn By: WSH #42 WARD",12,21,WSH,CAR
272,3,FAC,C R R L D G,C L D D G,WSH won Off. Zone - WSH #20 BROUWER vs CAR #16 SUTTER,12,21,WSH,CAR
273,3,SHOT,C R R L D G,C L D D G,"WSH ONGOAL - #52 GREEN, Snap, Off. Zone, 38 ft.",12,10,WSH,CAR
274,3,STOP,C R R L D G,C L D D G,GOALIE STOPPED,12,09,WSH,CAR
275,3,FAC,C R R L D G,C C D D G,CAR won Def. Zone - WSH #20 BROUWER vs CAR #12 STAAL,12,09,WSH,CAR
276,3,BLOCK,C R R L D G,C C D D G,"WSH #52 GREEN BLOCKED BY  CAR #5 ALLEN, Slap, Def. Zone",11,57,WSH,CAR
277,3,BLOCK,R R R L D G,C R D D G,"WSH #8 OVECHKIN BLOCKED BY  CAR #44 HARRISON, Snap, Def. Zone",11,20,WSH,CAR
278,3,TAKE,R R R L D G,C R D D G,"CAR TAKEAWAY - #39 DWYER, Def. Zone",11,12,WSH,CAR
279,3,HIT,R R R L D G,C C D D G,"WSH #8 OVECHKIN HIT CAR #53 SKINNER, Def. Zone",11,09,WSH,CAR
280,3,SHOT,R R R L D G,C C D D G,"CAR ONGOAL - #53 SKINNER, Snap, Off. Zone, 11 ft.",11,08,WSH,CAR
281,3,STOP,R R R L D G,C C D D G,GOALIE STOPPED,11,07,WSH,CAR
282,3,FAC,C C R D D G,C L D D G,CAR won Off. Zone - WSH #90 JOHANSSON vs CAR #16 SUTTER,11,07,WSH,CAR
283,3,MISS,C C R D D G,C L D D G,"CAR #36 JOKINEN, Wrist, Wide of Net, Off. Zone, 51 ft.",11,04,WSH,CAR
284,3,MISS,C C R D D G,C D D D G,"WSH #6 WIDEMAN, Slap, Over Net, Off. Zone, 48 ft.",10,25,WSH,CAR
285,3,BLOCK,C C R D D G,C R D D D G,"WSH #42 WARD BLOCKED BY  CAR #4 MCBAIN, Snap, Def. Zone",10,00,WSH,CAR
286,3,MISS,C C R D D G,C R D D D G,"WSH #55 SCHULTZ, Slap, Wide of Net, Off. Zone, 42 ft.",9,53,WSH,CAR
287,3,GIVE,C C R D D G,C R D D D G,"WSH GIVEAWAY - #15 HALPERN, Off. Zone",9,40,WSH,CAR
288,3,PENL,C C L D D G,C C R L D D,"WSH #85 PERREAULT Tripping(2 min), Neu. Zone Drawn By: CAR #71 SAMSON",8,52,WSH,CAR
289,3,STOP,C L D D G,C C R L D D,"REFEREE OR LINESMAN,TV TIMEOUT",8,52,WSH,CAR
290,3,FAC,C C D D G,C C R L D G,WSH won Def. Zone - WSH #15 HALPERN vs CAR #36 JOKINEN,8,52,WSH,CAR
291,3,SHOT,C C D D G,C C R L D G,"WSH ONGOAL - #74 CARLSON, Slap, Def. Zone, 166 ft.",8,46,WSH,CAR
292,3,SHOT,R L D D G,C C R L D G,"CAR ONGOAL - #28 FAULK, Slap, Off. Zone, 48 ft.",8,13,WSH,CAR
293,3,STOP,R L D D G,C C R L D G,GOALIE STOPPED,8,10,WSH,CAR
294,3,FAC,C R D D G,C C R D D G,CAR won Off. Zone - WSH #26 HENDRICKS vs CAR #12 STAAL,8,10,WSH,CAR
295,3,SHOT,C R D D G,C C R D D G,"CAR ONGOAL - #4 MCBAIN, Slap, Off. Zone, 59 ft.",8,03,WSH,CAR
296,3,BLOCK,C R D D G,C C R D D G,"CAR #12 STAAL BLOCKED BY  WSH #55 SCHULTZ, Snap, Def. Zone",7,54,WSH,CAR
297,3,SHOT,C R D D G,C C R D D G,"CAR ONGOAL - #4 MCBAIN, Slap, Off. Zone, 47 ft.",7,53,WSH,CAR
298,3,SHOT,C R D D G,C C R D D G,"CAR ONGOAL - #12 STAAL, Wrist, Off. Zone, 32 ft.",7,36,WSH,CAR
299,3,TAKE,C R D D G,C C R D D G,"CAR TAKEAWAY - #19 TLUSTY, Off. Zone",7,33,WSH,CAR
300,3,SHOT,C R D D G,C C R D D G,"CAR ONGOAL - #19 TLUSTY, Snap, Off. Zone, 23 ft.",7,32,WSH,CAR
301,3,STOP,C R D D G,C C R D D G,GOALIE STOPPED,7,31,WSH,CAR
302,3,FAC,C C D D G,C C L D D G,WSH won Def. Zone - WSH #15 HALPERN vs CAR #12 STAAL,7,31,WSH,CAR
303,3,TAKE,C R L D D G,C C L D D G,"WSH TAKEAWAY - #42 WARD, Def. Zone",6,47,WSH,CAR
304,3,BLOCK,C R L D D G,C R L D D G,"WSH #25 CHIMERA BLOCKED BY  CAR #6 GLEASON, Wrist, Def. Zone",6,38,WSH,CAR
305,3,SHOT,C R L D D G,C R L D D G,"WSH ONGOAL - #25 CHIMERA, Snap, Off. Zone, 42 ft.",6,29,WSH,CAR
306,3,TAKE,C R L D D G,C R L D D G,"CAR TAKEAWAY - #6 GLEASON, Def. Zone",6,26,WSH,CAR
307,3,BLOCK,C R L D D G,C R L D D G,"WSH #8 OVECHKIN BLOCKED BY  CAR #4 MCBAIN, Wrist, Def. Zone",5,59,WSH,CAR
308,3,GIVE,C C R D D G,C R D D D G,"WSH GIVEAWAY - #44 HAMRLIK, Neu. Zone",5,35,WSH,CAR
309,3,SHOT,C C R D D G,C R D D D G,"CAR ONGOAL - #27 JOSLIN, Slap, Off. Zone, 35 ft.",5,28,WSH,CAR
310,3,HIT,C C R D D G,C R D D D G,"CAR #13 STEWART HIT WSH #52 GREEN, Off. Zone",5,20,WSH,CAR
311,3,TAKE,C C R D D G,C C R D D G,"WSH TAKEAWAY - #26 HENDRICKS, Neu. Zone",5,09,WSH,CAR
312,3,TAKE,C R R D D G,C C R D D G,"WSH TAKEAWAY - #15 HALPERN, Def. Zone",4,42,WSH,CAR
313,3,STOP,C R R D D G,C C R D D G,"OFFSIDE,TV TIMEOUT",4,34,WSH,CAR
314,3,FAC,C R L D D G,C R D D D G,WSH won Neu. Zone - WSH #83 BEAGLE vs CAR #37 BRENT,4,34,WSH,CAR
315,3,TAKE,C R R D D G,C R L D D G,"CAR TAKEAWAY - #53 SKINNER, Off. Zone",3,33,WSH,CAR
316,3,SHOT,C R R D D G,C R L D D G,"CAR ONGOAL - #36 JOKINEN, Wrist, Off. Zone, 13 ft.",3,31,WSH,CAR
317,3,STOP,C R R D D G,C R L D D G,GOALIE STOPPED,3,30,WSH,CAR
318,3,FAC,C C R D D G,C R L D D G,WSH won Def. Zone - WSH #90 JOHANSSON vs CAR #53 SKINNER,3,30,WSH,CAR
319,3,BLOCK,C C R D D G,C R L D D G,"WSH #90 JOHANSSON BLOCKED BY  CAR #36 JOKINEN, Snap, Def. Zone",3,00,WSH,CAR
320,3,TAKE,C C R D D G,C R L D D G,"CAR TAKEAWAY - #53 SKINNER, Def. Zone",2,51,WSH,CAR
321,3,SHOT,C C R D D G,C R L D D G,"WSH ONGOAL - #55 SCHULTZ, Slap, Off. Zone, 43 ft.",2,26,WSH,CAR
322,3,MISS,C C R D D G,C R L D D G,"WSH #52 GREEN, Wrist, Over Net, Off. Zone, 43 ft.",2,23,WSH,CAR
323,3,HIT,C C R D D G,C R L D D G,"WSH #42 WARD HIT CAR #44 HARRISON, Off. Zone",2,11,WSH,CAR
324,3,BLOCK,C C R D D G,C R L D D G,"WSH #83 BEAGLE BLOCKED BY  CAR #5 ALLEN, Snap, Def. Zone",2,01,WSH,CAR
325,3,MISS,C R L D D G,C C R D D G,"WSH #52 GREEN, Snap, Wide of Net, Off. Zone, 69 ft.",1,36,WSH,CAR
326,3,MISS,C C R D D G,C R D D D G,"WSH #26 HENDRICKS, Slap, Wide of Net, Neu. Zone, 80 ft.",0,30,WSH,CAR
327,3,SHOT,C C R D D G,C R D D D G,"WSH ONGOAL - #28 SEMIN, Slap, Off. Zone, 45 ft.",0,28,WSH,CAR
328,3,STOP,C C R D D G,C R D D D G,GOALIE STOPPED,0,27,WSH,CAR
329,3,FAC,C C R D D G,C C D D D G,CAR won Def. Zone - WSH #90 JOHANSSON vs CAR #16 SUTTER,0,27,WSH,CAR
330,3,HIT,C C R D D G,C C D D D G,"WSH #20 BROUWER HIT CAR #5 ALLEN, Off. Zone",0,19,WSH,CAR
331,3,PEND,C C R D D G,C C D D D G,Period End- Local time: 10:09 EST,0,00,WSH,CAR
332,3,GEND,,,Game End- Local time: 10:09 EST,0,00,WSH,CAR
